{"cameraMode":{"drawMode":0,"name":"Shaded","section":"Shading Mode"},"sceneLighting":true,"audioPlay":false,"sceneViewState":{"m_AlwaysRefresh":false,"showFog":true,"showSkybox":false,"showFlares":true,"showImageEffects":true,"showParticleSystems":true,"showVisualEffectGraphs":true,"m_FxEnabled":true},"in2DMode":false,"pivot":{"x":4.731077751785051e-10,"y":1.4997035264968873,"z":0.000010727105291152839},"rotation":{"x":-0.0659690573811531,"y":-0.8315602540969849,"z":-0.10131528973579407,"w":0.5422022342681885},"size":1.2247449159622193,"orthographic":false}