{"cameraMode":{"drawMode":0,"name":"Shaded","section":"Shading Mode"},"sceneLighting":true,"audioPlay":false,"sceneViewState":{"m_AlwaysRefresh":false,"showFog":true,"showSkybox":false,"showFlares":true,"showImageEffects":true,"showParticleSystems":true,"showVisualEffectGraphs":true,"m_FxEnabled":true},"in2DMode":false,"pivot":{"x":-4.979198932647705,"y":5.6510114669799809,"z":-1.1487160921096802},"rotation":{"x":-0.02266346476972103,"y":-0.35870134830474856,"z":0.008793825283646584,"w":-0.9333373308181763},"size":10.401246070861817,"orthographic":false}