{"cameraMode":{"drawMode":0,"name":"Shaded","section":"Shading Mode"},"sceneLighting":true,"audioPlay":false,"sceneViewState":{"m_AlwaysRefresh":false,"showFog":true,"showSkybox":false,"showFlares":true,"showImageEffects":true,"showParticleSystems":true,"showVisualEffectGraphs":true,"m_FxEnabled":true},"in2DMode":false,"pivot":{"x":-2.5046699047088625,"y":3.4554882049560549,"z":1.1424269676208497},"rotation":{"x":0.09026265889406204,"y":0.874190092086792,"z":-0.1784249097108841,"w":0.4425497055053711},"size":0.36947447061538699,"orthographic":false}