{"cameraMode":{"drawMode":0,"name":"Shaded","section":"Shading Mode"},"sceneLighting":true,"audioPlay":false,"sceneViewState":{"m_AlwaysRefresh":false,"showFog":true,"showSkybox":false,"showFlares":true,"showImageEffects":true,"showParticleSystems":true,"showVisualEffectGraphs":true,"m_FxEnabled":true},"in2DMode":false,"pivot":{"x":0.10846495628356934,"y":1.565036416053772,"z":-0.11068880558013916},"rotation":{"x":-0.07149004936218262,"y":-0.3112974464893341,"z":0.02349270135164261,"w":-0.9475381970405579},"size":3.3370909690856935,"orthographic":false}