{"cameraMode":{"drawMode":0,"name":"Shaded","section":"Shading Mode"},"sceneLighting":true,"audioPlay":false,"sceneViewState":{"m_AlwaysRefresh":false,"showFog":true,"showSkybox":false,"showFlares":true,"showImageEffects":true,"showParticleSystems":true,"showVisualEffectGraphs":true,"m_FxEnabled":true},"in2DMode":false,"pivot":{"x":-7.618800163269043,"y":2.0955655574798586,"z":-2.814910888671875},"rotation":{"x":0.004498017951846123,"y":-0.9917960166931152,"z":0.12292053550481796,"w":0.03600361570715904},"size":6.607396125793457,"orthographic":false}